,,Low,Travel Time,Rolling Avg,Medium,Travel Time,Rolling Avg,High,Travel Time,Rolling Avg
1,263,130.5,130500,,68.5,68500,,68.5,68500,
2,263,130,130000,,130.5,130500,,70.5,70500,
4,263,129,129000,,130,130000,,130.5,130500,
7,263,127,127000,,129,129000,,130,130000,
8,263,125,125000,,127.5,127500,,129,129000,
10,263,123.5,123500,,126,126000,,126.5,126500,
11,263,121.5,121500,,123,123000,,125,125000,
13,263,120,120000,,121.5,121500,,122.5,122500,
14,263,117.5,117500,,120,120000,,119.5,119500,
16,263,116,116000,124000,119.5,119500,119550,117.5,117500,113950
19,263,114.5,114500,122400,118,118000,124500,116,116000,118700
22,263,113,113000,120700,116.5,116500,123100,114.5,114500,123100
24,263,111.5,111500,118950,115,115000,121600,113,113000,121350
26,263,110,110000,117250,113,113000,120000,111.5,111500,119500
27,263,108.5,108500,115600,112,112000,118450,108,108000,117400
30,263,107,107000,113950,111.5,111500,117000,107.5,107500,115500
32,263,105.5,105500,112350,109.5,109500,115650,105,105000,113500
33,263,103.5,103500,110700,108,108000,114300,103.5,103500,111600
36,263,102,102000,109150,106.5,106500,112950,101.5,101500,109800
38,263,100.5,100500,107600,105,105000,111500,100.5,100500,108100
39,263,99,99000,106050,103.5,103500,110050,96.5,96500,106150
40,263,97.5,97500,104500,101.5,101500,108550,96,96000,104300
42,263,95.5,95500,102900,99.5,99500,107000,93,93000,102300
44,263,83.5,83500,100250,98,98000,105500,89.5,89500,100100
45,263,68.5,68500,96250,96.5,96500,103950,85,85000,97800
46,288,65,65000,92050,86,86000,101400,81.5,81500,95200
85,455,65,65000,88000,65,65000,96950,78.5,78500,92550
47,459,145,145000,92150,143.5,143500,100500,75.5,75500,89750
48,459,143.5,143500,96300,142,142000,104050,73.5,73500,86950
49,459,142,142000,100450,140.5,140500,107600,65,65000,83400
52,459,140,140000,104550,139,139000,111150,65,65000,80250
54,459,138,138000,108600,136.5,136500,114650,65,65000,77150
56,459,136.5,136500,112700,133.5,133500,118050,65,65000,74350
58,459,134.5,134500,117800,132,132000,121450,65,65000,71900
59,459,133.5,133500,124300,130.5,130500,124850,65,65000,69900
61,459,132,132000,131000,126.5,126500,128900,143.5,143500,76100
63,459,130,130000,137500,123,123000,134700,141.5,141500,82400
65,459,128.5,128500,135850,121.5,121500,132500,139.5,139500,88800
68,459,127,127000,134200,120,120000,130300,138,138000,95250
70,459,125.5,125500,132550,117.5,117500,128000,136.5,136500,102400
72,459,122.5,122500,130800,115.5,115500,125650,135,135000,109400
75,459,121,121000,129100,114,114000,123400,133,133000,116200
76,459,117.5,117500,127200,112.5,112500,121300,131.5,131500,122850
77,459,114.5,114500,125200,109,109000,119000,130,130000,129350
79,459,112.5,112500,123100,97,97000,115650,128.5,128500,135700
80,459,112,112000,121100,87.5,87500,111750,125,125000,133850
81,459,109.5,109500,119050,65,65000,105950,123.5,123500,132050
84,459,87.5,87500,114950,65.5,65500,100350,123,123000,130400
86,462,65,65000,108750,65.5,65500,94900,121.5,121500,128750
87,473,65.5,65500,102750,65.5,65500,89700,120,120000,127100
89,477,65.5,65500,97050,65.5,65500,84700,119.5,119500,125550
90,480,65,65000,91450,65,65000,79800,118,118000,124050
91,484,65.5,65500,86250,65.5,65500,75100,116,116000,122500
94,489,65,65000,81300,71,71000,71300,114.5,114500,120950
118,650,65.5,65500,76600,70.5,70500,68650,113,113000,119400
120,653,65.5,65500,71950,69,69000,66800,110,110000,117900
96,655,147,147000,75700,147.5,147500,75050,106.5,106500,116200
98,655,145,145000,81450,144,144000,82900,105,105000,114400
101,655,143.5,143500,89300,142.5,142500,90600,100,100000,112250
103,655,140.5,140500,96800,141,141000,98150,90,90000,109250
104,655,136.5,136500,103900,138.5,138500,105450,88.5,88500,106150
106,655,133.5,133500,110750,136.5,136500,112600,87,87000,103050
108,655,131.5,131500,117350,135,135000,119550,83,83000,99750
110,655,130,130000,123850,132.5,132500,125700,72,72000,95500
111,655,128.5,128500,130150,130.5,130500,131700,65,65000,90700
112,655,125,125000,136100,129,129000,137700,65,65000,86200
114,655,123,123000,133700,127,127000,135650,65,65000,82050
115,655,103.5,103500,129550,125.5,125500,133800,65.5,65500,78100
116,655,87,87000,123900,124,124000,131950,65,65000,74600
117,655,73,73000,117150,122,122000,130050,65.5,65500,72150
122,751,109.5,109500,114450,117.5,117500,127950,65.5,65500,69850
124,751,105.5,105500,111650,115,115000,125800,65,65000,67650
125,751,104,104000,108900,112,112000,123500,65.5,65500,65900
126,751,100.5,100500,105950,100,100000,120250,65.5,65500,65250
128,751,98,98000,102900,87,87000,115900,65,65000,65250
130,915,178.5,178500,108250,112.5,112500,114250,69,69000,65650
132,915,177,177000,113650,110.5,110500,112600,68.5,68500,66000
135,915,175,175000,120800,107.5,107500,110800,71,71000,66550
137,915,173,173000,129400,106,106000,109000,147.5,147500,74800
140,915,171.5,171500,139250,104.5,104500,107250,147,147000,82950
142,915,170,170000,145300,101.5,101500,105650,145,145000,90900
144,915,167,167000,151450,100,100000,104150,143,143000,98700
146,915,159.5,159500,157000,98,98000,102750,141.5,141500,106300
147,915,153,153000,162250,177.5,177500,110500,140,140000,113750
148,915,150.5,150500,167500,176,176000,119400,138,138000,121050
149,915,144.5,144500,164100,174,174000,125550,137,137000,127850
150,915,130,130000,159400,172,172000,131700,135.5,135500,134550
151,915,119,119000,153800,170.5,170500,138000,133,133000,140750
152,915,116.5,116500,148150,170,170000,144400,132,132000,139200
155,915,114,114000,142400,168.5,168500,150800,130.5,130500,137550
157,915,112,112000,136600,154.5,154500,156100,129,129000,135950
159,915,110,110000,130900,148.5,148500,160950,127.5,127500,134400
160,915,108,108000,125750,146,146000,165750,124,124000,132650
163,915,105.5,105500,121000,140,140000,162000,120.5,120500,130700
165,915,104,104000,116350,131.5,131500,157550,116,116000,128500
167,915,102.5,102500,112150,127,127000,152850,108,108000,125600
169,915,99.5,99500,109100,123.5,123500,148000,105.5,105500,122600
171,915,97.5,97500,106950,116.5,116500,142600,98,98000,119100
172,915,96,96000,104900,114.5,114500,137050,86.5,86500,114550
173,915,94.5,94500,102950,113,113000,131500,85,85000,110000
175,915,92.5,92500,101000,111.5,111500,127200,77.5,77500,104850
176,915,91,91000,99100,110,110000,123350,76,76000,99700
179,915,89.5,89500,97250,108,108000,119550,73.5,73500,94650
181,915,87,87000,95400,107.5,107500,116300,65,65000,89100
183,915,85.5,85500,93550,106,106000,113750,111.5,111500,88650
185,915,84,84000,91700,104.5,104500,111500,109,109000,88750
187,915,82,82000,89950,102.5,102500,109400,108.5,108500,89050
188,1079,155.5,155500,95750,101,101000,107850,107.5,107500,90000
189,1079,133,133000,99450,99,99000,106300,106,106000,91950
190,1079,116.5,116500,101650,97.5,97500,104750,105.5,105500,94000
191,1079,113,113000,103700,96,96000,103200,104.5,104500,96700
193,1079,111.5,111500,105750,93.5,93500,101550,102.5,102500,99350
196,1079,110,110000,107800,91,91000,99850,101.5,101500,102150
197,1079,107.5,107500,109850,89,89000,98000,100,100000,105650
201,1079,106,106000,111900,87.5,87500,96150,99.5,99500,104450
203,1079,104.5,104500,113950,86,86000,94300,98.5,98500,103400
205,1079,102.5,102500,116000,84.5,84500,92500,178.5,178500,110400
207,1079,101,101000,110550,83,83000,90700,177,177000,117350
210,1079,99,99000,107150,163.5,163500,97150,174,174000,124150
213,1079,97.5,97500,105250,157,157000,103100,173,173000,130900
215,1079,95,95000,103450,151,151000,108600,172.5,172500,137700
217,1079,91,91000,101400,149.5,149500,114200,171.5,171500,144600
219,1079,89,89000,99300,132,132000,118300,170,170000,151450
221,1079,86.5,86500,97200,127,127000,122100,168.5,168500,158300
223,1079,84,84000,95000,118,118000,125150,167,167000,165050
226,1079,82,82000,92750,115.5,115500,128100,160.5,160500,171250
228,1079,79,79000,90400,112.5,112500,130900,156.5,156500,169050
230,1243,144,144000,94700,108.5,108500,133450,153,153000,166650
231,1243,142.5,142500,99050,106,106000,127700,149,149000,164150
232,1243,130.5,130500,102350,104,104000,122400,147,147000,161550
233,1243,122,122000,105050,101.5,101500,117450,138.5,138500,158150
234,1243,108,108000,106750,99.5,99500,112450,127,127000,153700
235,1243,106,106000,108450,98,98000,109050,125,125000,149200
237,1243,104,104000,110200,95,95000,105850,116.5,116500,144000
238,1243,103.5,103500,112150,93,93000,103350,115,115000,138800
239,1243,99.5,99500,113900,89.5,89500,100750,113.5,113500,134100
242,1243,98,98000,115800,88,88000,98300,112,112000,129650
243,1243,96,96000,111000,86.5,86500,96100,109,109000,125250
246,1243,94.5,94500,106200,84.5,84500,93950,107.5,107500,121100
247,1243,93,93000,102450,83,83000,91850,105.5,105500,116950
249,1243,91.5,91500,99400,81.5,81500,89850,103.5,103500,113450
251,1243,90,90000,97600,80,80000,87900,101,101000,110850
252,1243,88.5,88500,95850,78.5,78500,85950,99,99000,108250
253,1243,86.5,86500,94100,68,68000,83250,97,97000,106300
255,1243,85,85000,92250,135.5,135500,87500,95,95000,104300
256,1243,84.5,84500,90750,122,122000,90750,92.5,92500,102200
257,1243,83,83000,89250,116.5,116500,93600,89.5,89500,99950
260,1243,80.5,80500,87700,112,112000,96150,88.5,88500,97900
262,1243,78.5,78500,86100,109.5,109500,98650,85,85000,95650
263,1243,77,77000,84500,108,108000,101150,82.5,82500,93350
265,1243,75.5,75500,82900,105.5,105500,103550,162.5,162500,99250
266,1262,65,65000,80400,104,104000,105950,157,157000,104850
267,1271,65,65000,78050,102.5,102500,108350,154.5,154500,110400
314,1438,65,65000,75900,102,102000,111750,150,150000,115700
268,1439,146.5,146500,82050,101,101000,108300,148,148000,121000
269,1439,138.5,138500,87450,99,99000,106000,142,142000,125950
270,1439,123.5,123500,91500,97.5,97500,104100,137,137000,130700
272,1439,122,122000,95650,95.5,95500,102450,135.5,135500,135400
276,1439,120.5,120500,99850,94,94000,100900,134,134000,140300
278,1439,117,117000,103850,93.5,93500,99450,118.5,118500,143900
281,1439,115.5,115500,107850,91,91000,98000,115.5,115500,139200
282,1439,113.5,113500,112700,89.5,89500,96550,113.5,113500,134850
285,1439,112,112000,117400,87.5,87500,95050,112,112000,130600
287,1439,109,109000,121800,85.5,85500,93400,110.5,110500,126650
290,1439,106.5,106500,117800,81.5,81500,91450,109,109000,122750
292,1439,103.5,103500,114300,79,79000,89450,107,107000,119250
294,1439,102,102000,112150,77.5,77500,87450,104.5,104500,116000
297,1439,100.5,100500,110000,65,65000,84400,101.5,101500,112600
300,1439,99,99000,107850,65,65000,81500,100,100000,109200
302,1439,97,97000,105850,65,65000,78650,99.5,99500,107300
304,1439,95.5,95500,103850,130,130000,82550,97.5,97500,105500
305,1439,92,92000,101700,123.5,123500,85950,95.5,95500,103700
308,1439,90.5,90500,99550,122.5,122500,89450,92,92000,101700
311,1439,89,89000,97550,119,119000,92800,90.5,90500,99700
312,1439,86,86000,95500,118,118000,96450,89,89000,97700
313,1439,78.5,78500,93000,116.5,116500,100200,87.5,87500,95750
315,1457,65,65000,89300,114.5,114500,103900,84.5,84500,93750
316,1460,65,65000,85750,113,113000,108700,83.5,83500,91950
365,1633,70.5,70500,82900,111,111000,113300,82,82000,90150
366,1633,65,65000,79700,109,109000,117700,81.5,81500,88350
317,1635,136,136000,83750,108.5,108500,115550,79.5,79500,86550
318,1635,135.5,135500,88100,107,107000,113900,75,75000,84500
319,1635,134,134000,92450,104.5,104500,112100,71,71000,82400
322,1635,132.5,132500,96800,103,103000,110500,68,68000,80150
323,1635,130,130000,101200,101,101000,108800,67,67000,77950
324,1635,128,128000,106150,100.5,100500,107200,146.5,146500,83850
326,1635,126.5,126500,112300,99.5,99500,105700,145,145000,89900
329,1635,125,125000,118300,98,98000,104200,142,142000,95750
332,1635,123,123000,123550,96,96000,102700,132,132000,100750
335,1635,121.5,121500,129200,94.5,94500,101250,130.5,130500,105650
338,1635,120,120000,127600,92.5,92500,99650,127.5,127500,110450
340,1635,118.5,118500,125900,91,91000,98050,117.5,117500,114700
343,1635,117,117000,124200,89.5,89500,96550,115.5,115500,119150
346,1635,115,115000,122450,86,86000,94850,110,110000,123350
349,1635,113.5,113500,120800,81,81000,92850,108.5,108500,127500
351,1635,110,110000,119000,75,75000,90300,107,107000,123550
352,1635,109,109000,117250,68.5,68500,87200,105.5,105500,119600
355,1635,107,107000,115450,144,144000,91800,102.5,102500,115650
357,1635,105,105000,113650,140,140000,96200,101,101000,112550
360,1635,103,103000,111800,136,136000,100350,99.5,99500,109450
361,1635,101.5,101500,109950,134,134000,104500,99,99000,106600
362,1635,101,101000,108200,132,132000,108600,97,97000,104550
363,1635,94,94000,105900,130.5,130500,112700,95.5,95500,102550
364,1635,80.5,80500,102450,129,129000,117000,94,94000,100950
367,1735,101.5,101500,101250,127.5,127500,121650,92,92000,99300
369,1735,100,100000,100250,127,127000,126850,89,89000,97500
370,1899,180,180000,107350,126,126000,132600,85,85000,95450
372,1899,178,178000,114450,124,124000,130600,83.5,83500,93550
375,1899,176.5,176500,121600,122,122000,128800,82,82000,91650
376,1899,175,175000,128800,119,119000,127100,80.5,80500,89750
378,1899,173.5,173500,136000,117.5,117500,125450,79,79000,87750
380,1899,172,172000,143100,116,116000,123850,77.5,77500,85800
382,1899,170.5,170500,150750,114,114000,122200,75.5,75500,83800
385,1899,169,169000,159600,111.5,111500,120450,67,67000,81100
386,1899,167.5,167500,166200,109.5,109500,118650,65,65000,78400
389,1899,166,166000,172800,108,108000,116750,65,65000,76000
390,1899,164.5,164500,171250,106.5,106500,114800,65,65000,74000
393,1899,163,163000,169750,105,105000,112900,65,65000,72150
395,1899,161.5,161500,168250,104.5,104500,111150,65,65000,70450
398,1899,159.5,159500,166700,103,103000,109550,145,145000,76900
401,1899,158,158000,165150,97.5,97500,107550,142,142000,83200
403,1899,156.5,156500,163600,88.5,88500,104800,137.5,137500,89200
406,1899,153,153000,161850,86.5,86500,102050,136,136000,95250
408,1899,151,151000,160050,74,74000,98300,129.5,129500,101500
410,1899,141,141000,157400,65,65000,93850,128,128000,107800
411,1899,98.5,98500,150650,101,101000,93150,123.5,123500,113650
412,1899,94.5,94500,143650,100,100000,92500,122,122000,119350
413,1899,92,92000,136550,180,180000,100000,121.5,121500,125000
416,1899,90.5,90500,129450,178.5,178500,107400,120.5,120500,130550
418,1899,88.5,88500,122350,177,177000,114800,119,119000,127950
421,1899,87,87000,115250,175,175000,122550,117,117000,125450
423,1899,85,85000,108100,172,172000,130900,115,115000,123200
425,2063,164,164000,109200,170.5,170500,139300,111.5,111500,120750
427,2063,162.5,162500,110350,168.5,168500,148750,111,111000,118900
429,2063,156.5,156500,111900,168,168000,159050,110,110000,117100
431,2063,155,155000,117550,167,167000,165650,108.5,108500,115600
433,2063,152,152000,123300,164.5,164500,172100,107,107000,114100
436,2063,150,150000,129100,163.5,163500,170450,105.5,105500,112500
438,2063,148.5,148500,134900,161,161000,168700,103.5,103500,110800
441,2063,146,146000,140650,158,158000,166800,102,102000,109100
444,2063,125,125000,144450,156.5,156500,164950,101.5,101500,107550
446,2063,113.5,113500,147300,154.5,154500,163200,100.5,100500,106100
447,2063,96,96000,140500,153,153000,161450,98.5,98500,104800
448,2063,94.5,94500,133700,151.5,151500,159750,96.5,96500,103350
451,2063,91,91000,127150,149,149000,157850,94.5,94500,101800
454,2063,88.5,88500,120500,141.5,141500,155300,92.5,92500,100200
455,2063,85,85000,113800,140,140000,152850,91,91000,98600
457,2063,83,83000,107100,129.5,129500,149450,89,89000,96950
459,2063,80.5,80500,100300,117,117000,145050,88.5,88500,95450
461,2063,77,77000,93400,113.5,113500,140600,86.5,86500,93900
463,2063,74.5,74500,88350,108,108000,135750,81.5,81500,91900
465,2063,71.5,71500,84150,98.5,98500,130150,65,65000,88350
467,2063,70,70000,81550,97.5,97500,124600,144.5,144500,92950
469,2063,68.5,68500,78950,95.5,95500,119000,143,143000,97600
471,2226,147.5,147500,84600,92.5,92500,113350,140.5,140500,102200
472,2226,146,146000,90350,90.5,90500,108250,139,139000,106850
474,2226,144.5,144500,96300,88.5,88500,103100,136,136000,111350
476,2226,143,143000,102300,87,87000,98850,134.5,134500,115900
479,2226,140,140000,108250,85.5,85500,95700,132,132000,120250
480,2226,135,135000,114050,84,84000,92750,131.5,131500,124750
481,2226,114,114000,118000,164,164000,98350,130,130000,129600
482,2226,102.5,102500,121100,162,162000,104700,128,128000,135900
483,2226,97.5,97500,123850,160,160000,110950,126.5,126500,134100
484,2226,96,96000,126600,158.5,158500,117250,125,125000,132300
485,2226,92.5,92500,121100,157,157000,123700,122.5,122500,130500
486,2226,90.5,90500,115550,155.5,155500,130200,120.5,120500,128650
488,2226,88.5,88500,109950,153,153000,136650,119,119000,126950
489,2226,86.5,86500,104300,151.5,151500,143100,117,117000,125200
492,2226,83.5,83500,98650,150,150000,149550,116.5,116500,123650
493,2226,81.5,81500,93300,147,147000,155850,115.5,115500,122050
494,2226,80,80000,89900,145.5,145500,154000,114,114000,120450
495,2226,79.5,79500,87600,127,127000,150500,112,112000,118850
497,2226,77.5,77500,85600,117,117000,146200,110.5,110500,117250
500,2226,76,76000,83600,112,112000,141550,109,109000,115650
503,2226,74.5,74500,81800,109,109000,136750,107.5,107500,114150
505,2226,71.5,71500,79900,101,101000,131300,106,106000,112700
508,2227,70.5,70500,78100,96.5,96500,125650,104.5,104500,111250
510,2227,69,69000,76350,95.5,95500,120050,104,104000,109950
516,2227,65.5,65500,74550,93,93000,114350,102.5,102500,108550
512,2228,67.5,67500,73150,90.5,90500,108700,100,100000,107000
519,2230,65.5,65500,71700,89,89000,103050,97,97000,105300
522,2233,65.5,65500,70300,87,87000,99050,94,94000,103500
524,2236,65.5,65500,69100,85.5,85500,95900,90,90000,101450
527,2240,65.5,65500,68050,82.5,82500,92950,84,84000,98950
530,2243,65.5,65500,67150,81,81000,90150,81,81000,96300
571,2418,69,69000,66900,77.5,77500,87800,75.5,75500,93250
531,2419,134.5,134500,73300,75,75000,85650,68.5,68500,89650
532,2419,130.5,130500,79450,73.5,73500,83450,65,65000,85750
533,2419,127,127000,85600,72,72000,81350,109,109000,86400
534,2419,111,111000,89950,70.5,70500,79350,105.5,105500,86950
535,2419,103.5,103500,93750,69,69000,77350,101,101000,87350
536,2419,102,102000,97400,149,149000,83550,181,181000,96050
538,2419,100,100000,100850,146.5,146500,89650,179.5,179500,105000
540,2419,98.5,98500,104150,145,145000,95900,178,178000,114400
542,2419,97,97000,107300,143,143000,102100,176,176000,123900
543,2419,95.5,95500,109950,136.5,136500,108000,175.5,175500,133900
544,2419,93,93000,105800,124.5,124500,112950,174.5,174500,144500
547,2419,90.5,90500,101800,98,98000,115400,174,174000,155400
548,2419,88.5,88500,97950,90,90000,117200,173,173000,161800
551,2419,87,87000,95550,88.5,88500,119000,171.5,171500,168400
554,2419,85.5,85500,93750,86.5,86500,120750,169,169000,175200
557,2419,84,84000,91950,84.5,84500,114300,166.5,166500,173750
558,2419,83.5,83500,90300,82.5,82500,107900,165,165000,172300
559,2419,82,82000,88650,81,81000,101500,164.5,164500,170950
560,2419,80.5,80500,87000,78.5,78500,95050,163.5,163500,169700
561,2419,80,80000,85450,76,76000,89000,161,161000,168250
562,2419,79,79000,84050,74.5,74500,84000,159,159000,166700
564,2419,76.5,76500,82650,71.5,71500,81350,158,158000,165100
565,2419,75,75000,81300,70,70000,79350,156.5,156500,163450
567,2419,73,73000,79900,68.5,68500,77350,154,154000,161700
568,2419,71,71000,78450,65.5,65500,75250,152.5,152500,160050
573,2421,65,65000,76550,67.5,67500,73550,151,151000,158500
574,2426,65,65000,74700,65.5,65500,71850,146.5,146500,156650
575,2429,65,65000,73000,65.5,65500,70300,145,145000,154700
614,2613,70.5,70500,72000,65.5,65500,69000,137,137000,152050
576,2615,139.5,139500,77950,65.5,65500,67950,134,134000,149350
577,2615,138,138000,83850,65,65000,67000,132,132000,146650
578,2615,126.5,126500,88850,65,65000,66350,130.5,130500,143900
579,2615,123,123000,93650,71,71000,66450,126,126000,140850
580,2615,115.5,115500,97900,70.5,70500,66650,122.5,122500,137700
582,2615,113,113000,102100,69,69000,67000,119.5,119500,134400
584,2615,111.5,111500,106750,65,65000,66750,118,118000,131100
585,2615,110,110000,111250,132.5,132500,73450,107,107000,127150
586,2615,108.5,108500,115600,122.5,122500,79150,105,105000,123150
588,2615,107,107000,119250,118.5,118500,84450,101.5,101500,119600
590,2615,105,105000,115800,115.5,115500,89450,98,98000,116000
591,2615,103.5,103500,112350,113.5,113500,94300,97.5,97500,112550
594,2615,101.5,101500,109850,111.5,111500,98950,95.5,95500,109050
595,2615,100,100000,107550,109.5,109500,102800,94,94000,105850
598,2615,96,96000,105600,103,103000,106050,89.5,89500,102550
600,2615,94,94000,103700,102,102000,109350,88,88000,99400
601,2615,92.5,92500,101800,100.5,100500,112900,86,86000,96200
602,2615,91,91000,99900,99,99000,109550,164.5,164500,101950
603,2615,90.5,90500,98100,96.5,96500,106950,161.5,161500,107600
605,2615,89.5,89500,96350,93,93000,104400,157.5,157500,113200
606,2615,87.5,87500,94600,89,89000,101750,157,157000,119100
607,2615,87,87000,92950,87.5,87500,99150,156,156000,124950
608,2615,85.5,85500,91350,86,86000,96600,155.5,155500,130950
610,2615,84,84000,89750,84.5,84500,94100,154.5,154500,137000
613,2615,82.5,82500,88400,82,82000,92000,152,152000,143250
615,2619,65,65000,85500,79.5,79500,89750,151,151000,149550
616,2719,110,110000,87250,77.5,77500,87450,148.5,148500,155800
617,2719,104,104000,88550,76,76000,85150,148,148000,154150
619,2883,174.5,174500,96950,74.5,74500,82950,146.5,146500,152650
620,2883,165.5,165500,104550,73,73000,80950,142.5,142500,151150
621,2883,164,164000,112200,65,65000,78550,141,141000,149550
622,2883,162,162000,119700,65,65000,76300,139.5,139500,147900
624,2883,160.5,160500,127200,65,65000,74200,133,133000,145650
625,2883,159,159000,134700,143,143000,80050,129.5,129500,143150
627,2883,155.5,155500,142000,141.5,141500,86000,125,125000,140450
628,2883,154,154000,150900,132,132000,91250,120.5,120500,137400
631,2883,152,152000,155100,129.5,129500,96450,114.5,114500,134000
633,2883,150,150000,159700,116,116000,100450,112.5,112500,130450
634,2883,148,148000,157050,113.5,113500,104350,109,109000,126700
636,2883,146,146000,155100,112,112000,108250,105.5,105500,123000
638,2883,144,144000,153100,110.5,110500,112800,102,102000,119100
641,2883,142.5,142500,151150,108,108000,117100,95,95000,114650
642,2883,141,141000,149200,106,106000,121200,93.5,93500,110700
644,2883,139.5,139500,147250,104.5,104500,117350,91.5,91500,106900
646,2883,138,138000,145500,102,102000,113400,88,88000,103200
648,2883,136,136000,143700,101,101000,110300,86,86000,99750
652,2883,134.5,134500,141950,99.5,99500,107300,84.5,84500,96750
654,2883,132.5,132500,140200,98,98000,105500,83,83000,93800
655,2883,131,131000,138500,96.5,96500,103800,81.5,81500,91050
656,2883,121,121000,136000,95,95000,102100,80,80000,88500
657,2883,97.5,97500,131350,92.5,92500,100300,78,78000,86100
658,2883,96,96000,126700,91,91000,98600,76,76000,84200
659,2883,93,93000,121900,89.5,89500,96950,73,73000,82150
660,3047,162.5,162500,124200,87.5,87500,95250,72.5,72500,80250
662,3047,159,159000,126300,86.5,86500,93700,71.5,71500,78600
663,3047,157.5,157500,128450,84.5,84500,92050,70,70000,77000
665,3047,155,155000,130500,83.5,83500,90450,68.5,68500,75400
668,3047,153.5,153500,132600,82,82000,88850,148,148000,81900
669,3047,151.5,151500,134650,73,73000,86500,146,146000,88350
671,3047,150,150000,137550,109,109000,87900,142.5,142500,94600
673,3047,148,148000,142600,106,106000,89250,140.5,140500,100850
674,3047,146.5,146500,147650,165.5,165500,96700,137.5,137500,107000
677,3047,143.5,143500,152700,162.5,162500,104000,133.5,133500,113050
679,3047,141.5,141500,150600,162,162000,111450,129,129000,118700
681,3047,140,140000,148700,161,161000,118900,125,125000,124050
683,3047,137,137000,146650,159.5,159500,126400,120.5,120500,129100
686,3047,135.5,135500,144700,157,157000,133750,114,114000,133650
689,3047,133.5,133500,142700,154.5,154500,141000,110,110000,129850
691,3047,131.5,131500,140700,152.5,152500,148950,106,106000,125850
694,3047,90.5,90500,134750,151,151000,153150,103.5,103500,121950
695,3047,89,89000,128850,149,149000,157450,101.5,101500,118050
696,3047,80,80000,122200,147,147000,155600,91,91000,113400
697,3047,76.5,76500,115500,145.5,145500,153900,90,90000,109050
698,3047,75,75000,108850,144,144000,152100,86.5,86500,104800
700,3047,73,73000,102150,141.5,141500,150150,85,85000,100800
703,3047,71,71000,95550,139.5,139500,148150,84,84000,97150
746,3210,69,69000,88900,137.5,137500,146200,82.5,82500,94000
751,3210,65.5,65500,82100,136,136000,144350,81,81000,91100
706,3211,151.5,151500,84100,132.5,132500,142350,79.5,79500,88450
709,3211,149.5,149500,90000,131,131000,140350,77,77000,85800
710,3211,147.5,147500,95850,126.5,126500,138100,75.5,75500,83200
714,3211,145.5,145500,102400,121,121000,135500,74,74000,81500
716,3211,144,144000,109150,104,104000,131350,73,73000,79800
718,3211,142.5,142500,115900,98.5,98500,126800,69,69000,78050
721,3211,141,141000,122700,95.5,95500,122200,67.5,67500,76300
723,3211,139,139000,129500,90.5,90500,117300,71.5,71500,75050
725,3211,137.5,137500,136350,87,87000,112250,65.5,65500,73350
727,3211,133,133000,143100,85.5,85500,107200,65.5,65500,71800
729,3211,131.5,131500,141100,165,165000,110450,65.5,65500,70400
731,3211,130,130000,139150,162,162000,113550,65.5,65500,69250
734,3211,128,128000,137200,159,159000,116800,65.5,65500,68250
736,3211,119,119000,134550,156,156000,120300,65.5,65500,67400
737,3211,99,99000,130050,154.5,154500,125350,65,65000,66600
738,3211,95.5,95500,125350,151.5,151500,130650,65.5,65500,66250
739,3211,92,92000,120450,149.5,149500,136050,71,71000,66600
740,3211,84.5,84500,115000,147.5,147500,141750,69,69000,66350
741,3211,73.5,73500,108600,145.5,145500,147600,146,146000,74400
743,3211,71.5,71500,102450,143.5,143500,153400,139.5,139500,81800
749,3211,67.5,67500,96050,142,142000,151100,136.5,136500,88900
753,3213,65.5,65500,89600,140,140000,148900,131.5,131500,95500
755,3219,65.5,65500,83350,137.5,137500,146750,129,129000,101850
758,3224,65.5,65500,78000,134,134000,144550,118.5,118500,107150
760,3230,65.5,65500,74650,131.5,131500,142250,110,110000,111650
762,3234,65.5,65500,71650,129.5,129500,140050,103.5,103500,115450
795,3394,65.5,65500,69000,128.5,128500,137950,101.5,101500,118500
794,3397,69,69000,67450,105,105000,133700,99.5,99500,121550
797,3397,65.5,65500,66650,99,99000,129050,99,99000,116850
765,3399,145.5,145500,74050,94.5,94500,124150,98,98000,112700
768,3399,144,144000,81700,89,89000,118850,96,96000,108650
770,3399,142.5,142500,89400,84,84000,113250,94.5,94500,104950
771,3399,141,141000,96950,76.5,76500,107150,93,93000,101350
772,3399,139.5,139500,104350,75,75000,101250,91.5,91500,98650
774,3399,137,137000,111500,73,73000,95400,90,90000,96650
777,3399,135.5,135500,118500,71,71000,89550,89.5,89500,95250
778,3399,133.5,133500,125300,151,151000,91800,87.5,87500,93850
779,3399,107.5,107500,129150,149,149000,96200,86,86000,92500
780,3399,102.5,102500,132850,147,147000,101000,83,83000,90900
781,3399,98.5,98500,128150,145.5,145500,106100,82.5,82500,89350
782,3399,85,85000,122250,144,144000,111600,80,80000,87750
783,3399,81.5,81500,116150,142.5,142500,117450,77,77000,86000
785,3399,79.5,79500,110000,139.5,139500,123750,75.5,75500,84250
787,3399,78,78000,103850,138,138000,130050,73.5,73500,82450
788,3399,76.5,76500,97800,136,136000,136350,73,73000,80750
790,3399,74.5,74500,91700,133.5,133500,142600,65,65000,78300
792,3399,73,73000,85650,132,132000,140700,65,65000,76050
800,3403,65.5,65500,81450,130.5,130500,138850,65,65000,73950
803,3406,65.5,65500,77750,128.5,128500,137000,65,65000,72150
806,3410,65.5,65500,74450,126.5,126500,135100,65,65000,70400
807,3414,65.5,65500,72500,124.5,124500,133150,70.5,70500,69450
810,3418,65.5,65500,70900,109.5,109500,129850,147,147000,76450
813,3423,65.5,65500,69500,106.5,106500,126550,145,145000,83400
815,3426,65.5,65500,68250,102.5,102500,123000,134.5,134500,89500
816,3429,65.5,65500,67150,95.5,95500,118950,132,132000,95400
856,3592,69,69000,66600,74.5,74500,113050,129.5,129500,101850
862,3592,65.5,65500,65850,72,72000,107050,122.5,122500,107600
855,3593,71,71000,66400,70.5,70500,101050,117,117000,112800
817,3595,147,147000,74550,68.5,68500,95050,115.5,115500,117850
818,3595,143.5,143500,82350,67.5,67500,89150,114,114000,122750
819,3595,127,127000,88500,67,67000,83400,112.5,112500,126950
820,3595,106.5,106500,92600,65.5,65500,79000,111,111000,123350
821,3595,104.5,104500,96500,65.5,65500,74900,108,108000,119650
822,3595,102,102000,100150,65.5,65500,71200,106.5,106500,116850
823,3595,96.5,96500,103250,65.5,65500,68200,106,106000,114250
825,3595,95,95000,105850,65.5,65500,67300,105,105000,111800
827,3595,93.5,93500,108650,65.5,65500,66650,103,103000,109850
829,3595,92,92000,110750,65.5,65500,66150,102.5,102500,108400
832,3595,90.5,90500,105100,65.5,65500,65850,101.5,101500,107000
835,3595,86.5,86500,99400,71,71000,66200,100,100000,105600
838,3595,84.5,84500,95150,69,69000,66400,98,98000,104150
841,3595,82.5,82500,92750,146.5,146500,74500,96.5,96500,102700
844,3595,81,81000,90400,144.5,144500,82400,95,95000,101400
847,3595,79.5,79500,88150,142,142000,90050,92,92000,99950
849,3595,77.5,77500,86250,141,141000,97600,91.5,91500,98500
852,3595,75,75000,84250,139,139000,104950,90,90000,97000
853,3595,73.5,73500,82250,137.5,137500,112150,88,88000,95500
859,3595,69,69000,79950,135.5,135500,119150,84.5,84500,93700
864,3597,65.5,65500,77450,133.5,133500,125950,84,84000,91950
867,3600,65.5,65500,75350,120,120000,130850,82.5,82500,90200
869,3703,105.5,105500,77450,108,108000,134750,74.5,74500,87850
870,3703,103.5,103500,79550,102,102000,130300,65,65000,84700
871,3867,180,180000,89450,96.5,96500,125500,111.5,111500,86350
872,3867,163,163000,97800,89,89000,120200,108.5,108500,88000
873,3867,152.5,152500,105300,83,83000,114400,106.5,106500,89500
874,3867,146.5,146500,112450,80.5,80500,108550,105,105000,91000
876,3867,144.5,144500,119550,79,79000,102700,182,182000,100400
878,3867,143,143000,126950,78.5,78500,97000,176,176000,109550
880,3867,141,141000,134500,77.5,77500,91400,173,173000,118450
882,3867,139.5,139500,141900,76,76000,87000,171,171000,127300
883,3867,137.5,137500,145100,74.5,74500,83650,169.5,169500,136800
886,3867,135.5,135500,148300,73,73000,80750,168,168000,147100
890,3867,133.5,133500,143650,65.5,65500,77650,165.5,165500,152500
894,3867,132,132000,140550,65.5,65500,75300,165,165000,158150
896,3867,130,130000,138300,65.5,65500,73550,163.5,163500,163850
898,3867,128.5,128500,136500,65.5,65500,72050,162,162000,169550
901,3867,126,126000,134650,65.5,65500,70700,160.5,160500,167400
903,3867,124,124000,132750,65.5,65500,69400,159,159000,165700
904,3867,122.5,122500,130900,65.5,65500,68200,156.5,156500,164050
906,3867,121,121000,129050,65.5,65500,67150,155,155000,162450
910,3867,117,117000,127000,65.5,65500,66250,150.5,150500,160550
912,3867,115.5,115500,125000,65.5,65500,65500,149,149000,158650
915,3867,114,114000,123050,65,65000,65450,148,148000,156900
917,3867,93.5,93500,119200,69,69000,65800,147.5,147500,155150
919,4031,166,166000,122800,71,71000,66350,146.5,146500,153450
920,4031,144.5,144500,124400,65.5,65500,66350,144.5,144500,151700
921,4031,143,143000,126100,147.5,147500,74550,144,144000,150050
923,4031,141,141000,127800,142,142000,82200,143,143000,148450
925,4031,139,139000,129450,139.5,139500,89600,141,141000,146900
926,4031,138.5,138500,131200,125.5,125500,95600,140,140000,145400
927,4031,137,137000,133200,120,120000,101050,138.5,138500,144200
929,4031,135.5,135500,135200,118,118000,106300,137,137000,143000
931,4031,134,134000,137200,104,104000,110200,134.5,134500,141650
934,4031,132.5,132500,141100,96.5,96500,112950,133.5,133500,140250
935,4031,130,130000,137500,94.5,94500,115300,132,132000,138800
936,4031,128.5,128500,135900,92,92000,117950,129.5,129500,137300
939,4031,126.5,126500,134250,89.5,89500,112150,126.5,126500,135550
940,4031,126,126000,132750,87,87000,106650,122,122000,133450
941,4031,123.5,123500,131200,86.5,86500,101350,119,119000,131250
943,4031,122,122000,129550,85,85000,97300,117.5,117500,129000
944,4031,120.5,120500,127900,82.5,82500,93550,110,110000,126150
947,4031,118.5,118500,126200,81,81000,89850,108,108000,123250
950,4031,117,117000,124500,79.5,79500,87400,98,98000,119600
952,4031,115.5,115500,122800,77.5,77500,85500,89,89000,115150
955,4031,114,114000,121200,76,76000,83650,165.5,165500,118500
957,4031,112.5,112500,119600,75.5,75500,82000,160.5,160500,121600
959,4031,111,111000,118050,73,73000,80350,160,160000,124950
960,4031,109.5,109500,116400,65.5,65500,78200,158.5,158500,128600
961,4031,83,83000,112350,65.5,65500,76100,157.5,157500,132450
962,4031,75.5,75500,107700,105,105000,78100,155,155000,136200
963,4195,142,142000,109850,182.5,182500,88100,154.5,154500,140650
964,4195,140,140000,112000,152.5,152500,95250,153.5,153500,145200
966,4195,138,138000,114100,150.5,150500,102350,151,151000,150500
968,4195,136.5,136500,116200,147.5,147500,109350,149,149000,156500
970,4195,134.5,134500,118250,144.5,144500,116200,147.5,147500,154700
971,4195,133,133000,120300,142.5,142500,122900,145.5,145500,153200
973,4195,130.5,130500,122250,140,140000,129600,141.5,141500,151350
976,4195,129.5,129500,124250,138,138000,136850,140,140000,149500
977,4195,127.5,127500,128700,137,137000,144000,138.5,138500,147600
980,4195,126,126000,133750,135.5,135500,147050,136,136000,145700
981,4195,124.5,124500,132000,133.5,133500,142150,134,134000,143650
984,4195,122.5,122500,130250,131,131000,140000,133,133000,141600
988,4195,121,121000,128550,129,129000,137850,131,131000,139600
991,4195,119,119000,126800,127.5,127500,135850,130,130000,137700
993,4195,117,117000,125050,126,126000,134000,128.5,128500,135800
995,4195,115.5,115500,123300,123.5,123500,132100,123.5,123500,133600
998,4195,114,114000,121650,121.5,121500,130250,120,120000,131450
1000,4195,112,112000,119900,119.5,119500,128400,117,117000,129150
1002,4195,110,110000,118150,118,118000,126500,114.5,114500,126750
1003,4195,107.5,107500,116300,115.5,115500,124500,113,113000,124450
1006,4195,101,101000,113950,114,114000,122550,107,107000,121750
1007,4195,94.5,94500,111150,98,98000,119250,104,104000,118850
1008,4195,76.5,76500,106700,89,89000,115250,100.5,100500,115800
1009,4195,72,72000,102000,155.5,155500,118050,93,93000,112100
1010,4196,67,67000,97000,144.5,144500,119900,90.5,90500,108300
1011,4202,65,65000,91950,143,143000,121850,88,88000,104750
1012,4213,65.5,65500,87100,141.5,141500,123850,84,84000,101150
1013,4379,146,146000,90500,140,140000,125900,80,80000,97450
1016,4379,144.5,144500,93950,138.5,138500,127950,77.5,77500,93750
1018,4379,143,143000,97500,135.5,135500,129950,76,76000,90050
1020,4379,141,141000,101500,134,134000,131950,72.5,72500,86600
1021,4379,139.5,139500,106000,132,132000,135350,70.5,70500,83250
1023,4379,137.5,137500,112100,130,130000,139450,70,70000,80200
1026,4379,136,136000,118500,127.5,127500,136650,151,151000,86000
1028,4379,134.5,134500,125250,126,126000,134800,149,149000,91850
1030,4379,131.5,131500,131900,124,124000,132900,147.5,147500,97800
1032,4379,129,129000,138250,122,122000,130950,145.5,145500,103950
1034,4379,127,127000,136350,120,120000,128950,144.5,144500,110400
1037,4379,125.5,125500,134450,117,117000,126800,142.5,142500,116900
1039,4379,123,123000,132450,115,115000,124750,141,141000,123400
1041,4379,120.5,120500,130400,111,111000,122450,140.5,140500,130200
1043,4379,119,119000,128350,109.5,109500,120200,139,139000,137050
1047,4379,117.5,117500,126350,89,89000,116100,137,137000,143750
1048,4379,116,116000,124350,85,85000,111850,135,135000,142150
1049,4379,115.5,115500,122450,82.5,82500,107500,133,133000,140550
1051,4379,112.5,112500,120550,65,65000,101600,131,131000,138900
1052,4379,91.5,91500,116800,152,152000,104600,129.5,129500,137300
1053,4379,75,75000,111600,150.5,150500,107650,128,128000,135650
1054,4381,65,65000,105550,140.5,140500,110000,126.5,126500,134050
1056,4385,65.5,65500,99800,138,138000,112300,124.5,124500,132400
1059,4388,65.5,65500,94300,136,136000,114800,122,122000,130550
1061,4391,65.5,65500,88950,130.5,130500,116900,113,113000,127950
1063,4394,65.5,65500,83750,129.5,129500,120950,111.5,111500,125400
1066,4397,65.5,65500,78700,128,128000,125250,109.5,109500,122850
1067,4400,65.5,65500,73700,125.5,125500,129550,105.5,105500,120100
1068,4400,65,65000,68950,124,124000,135450,101,101000,117100
1069,4403,65.5,65500,66350,122.5,122500,132500,99,99000,114050
1071,4406,65.5,65500,65400,121,121000,129550,97,97000,110950
1073,4409,65.5,65500,65450,116,116000,127100,95.5,95500,107850
1117,4571,65.5,65500,65450,112.5,112500,124550,92.5,92500,104650
1112,4572,69,69000,65800,110,110000,121950,89,89000,101350
1120,4574,65.5,65500,65800,108.5,108500,119750,86.5,86500,98700
1076,4575,146,146000,73850,95,95000,116300,85,85000,96050
1079,4575,144.5,144500,81750,79.5,79500,111450,82,82000,93300
1081,4575,142.5,142500,89450,75.5,75500,106450,80.5,80500,90800
1084,4575,141,141000,97050,65.5,65500,100600,76.5,76500,88350
1085,4575,140.5,140500,104550,147,147000,103050,75,75000,85950
1086,4575,139.5,139500,111950,145.5,145500,105500,73.5,73500,83600
1088,4575,137,137000,119100,143.5,143500,108250,72,72000,81250
1090,4575,135,135000,126050,141,141000,111100,70.5,70500,79050
1093,4575,133.5,133500,132500,139.5,139500,114050,65.5,65500,76700
1095,4575,132,132000,139150,138,138000,117000,67.5,67500,74800
1098,4575,130.5,130500,137600,136.5,136500,121150,65,65000,72800
1099,4575,129,129000,136050,134,134000,126600,65,65000,71100
1101,4575,126.5,126500,134450,132.5,132500,132300,65.5,65500,69600
1102,4575,118.5,118500,132200,132,132000,138950,65.5,65500,68500
1103,4575,111,111000,129250,131,131000,137350,65.5,65500,67550
1104,4575,91.5,91500,124450,129,129000,135700,65,65000,66700
1105,4575,75.5,75500,118300,127.5,127500,134100,65.5,65500,66050
1106,4575,74,74000,112200,126,126000,132600,69,69000,65900
1107,4575,73.5,73500,106200,124,124000,131050,65.5,65500,65900
1110,4575,72.5,72500,100250,122.5,122500,129500,147.5,147500,73900
1114,4575,69,69000,94100,120,120000,127850,147,147000,82100
1123,4578,65.5,65500,87750,116,116000,126050,144.5,144500,90050
1126,4581,65.5,65500,81650,114.5,114500,124250,143,143000,97800
1127,4585,65.5,65500,76350,108.5,108500,121900,140.5,140500,105300
1130,4588,65.5,65500,71800,104,104000,119200,138.5,138500,112600
1132,4687,112,112000,73850,79,79000,114200,137,137000,119800
1134,4687,110,110000,77300,77.5,77500,109200,135.5,135500,126800
1137,4687,108.5,108500,80750,65.5,65500,103150,133.5,133500,133250
1140,4851,185,185000,91900,65.5,65500,97300,130,130000,139700
1143,4851,183.5,183500,103000,65.5,65500,91600,115,115000,136450
1145,4851,182,182000,114300,65.5,65500,86150,113.5,113500,133100
1146,4851,181.5,181500,125900,65.5,65500,81100,109.5,109500,129600
1148,4851,180.5,180500,137400,65.5,65500,76200,104,104000,125700
1150,4851,177.5,177500,148600,65.5,65500,71900,102,102000,121850
1151,4851,172,172000,159250,65.5,65500,68050,97.5,97500,117750
1152,4851,154.5,154500,163500,65.5,65500,66700,92,92000,113250
1153,4851,153,153000,167800,71,71000,66050,90.5,90500,108750
1154,4851,150,150000,171950,69,69000,66400,84.5,84500,103850
1155,4851,129.5,129500,166400,65.5,65500,66400,83.5,83500,99200
1158,4851,126.5,126500,160700,146.5,146500,74500,82,82000,95900
1161,4851,125,125000,155000,146,146000,82550,80,80000,92550
1162,4851,122.5,122500,149100,145,145000,90500,78,78000,89400
1163,4851,120.5,120500,143100,143.5,143500,98300,76.5,76500,86650
1165,4851,117.5,117500,137100,142,142000,105950,74.5,74500,83900
1167,4851,114.5,114500,131350,139,139000,113300,72.5,72500,81400
1169,4851,112.5,112500,127150,137.5,137500,120500,65.5,65500,78750
1171,4851,111,111000,122950,135.5,135500,126950,65.5,65500,76250
1173,4851,109,109000,118850,133,133000,133350,65.5,65500,74350
1175,4851,107,107000,116600,130.5,130500,139850,65.5,65500,72550
1176,4851,104,104000,114350,129,129000,138100,65,65000,70850
1179,4851,101,101000,111950,127,127000,136200,65,65000,69350
1182,4851,99.5,99500,109650,120.5,120500,133750,65.5,65500,68100
1184,4851,98,98000,107400,105.5,105500,129950,65,65000,66950
1186,4851,96.5,96500,105300,94.5,94500,125200,65.5,65500,66050
1188,5015,168.5,168500,110700,91.5,91500,120450,65.5,65500,65350
1189,5015,162,162000,115650,88,88000,115500,65.5,65500,65350
1190,5015,155.5,155500,120100,76,76000,109550,65,65000,65300
1191,5015,147.5,147500,123950,74.5,74500,103700,65.5,65500,65300
1192,5015,142.5,142500,127500,65.5,65500,97200,146.5,146500,73400
1193,5015,136.5,136500,130750,65.5,65500,90850,141,141000,81000
1194,5015,134.5,134500,134100,65.5,65500,84700,135.5,135500,88050
1195,5015,126.5,126500,136800,112.5,112500,83900,126.5,126500,94150
1196,5015,125,125000,139500,110.5,110500,84400,124,124000,100050
1197,5015,123,123000,142150,108.5,108500,85800,122,122000,105700
1200,5015,120.5,120500,137350,107,107000,87350,118,118000,110950
1201,5015,119,119000,133050,185.5,185500,97100,109,109000,115300
1203,5015,115.5,115500,129050,183.5,183500,107850,106.5,106500,119450
1205,5015,113.5,113500,125650,182,182000,118600,103.5,103500,123250
1207,5015,112,112000,122600,181.5,181500,130200,101.5,101500,118750
1208,5015,111.5,111500,120100,180.5,180500,141700,99,99000,114550
1210,5015,109.5,109500,117600,170.5,170500,152200,96.5,96500,110650
1212,5015,107.5,107500,115700,169,169000,157850,96,96000,107600
1214,5015,106,106000,113800,148.5,148500,161650,94.5,94500,104650
1215,5015,104.5,104500,111950,143,143000,165100,93,93000,101750
1217,5015,102,102000,110100,139.5,139500,168350,91.5,91500,99100
1220,5015,100.5,100500,108250,130,130000,162800,91,91000,97300
1222,5015,99,99000,106600,129,129000,157350,89,89000,95550
1223,5015,98.5,98500,105100,127.5,127500,151900,87.5,87500,93950
1225,5015,97.5,97500,103650,125,125000,146250,87,87000,92500
1226,5015,95.5,95500,102050,123.5,123500,140550,85,85000,91100
1228,5015,94,94000,100500,120.5,120500,135550,83.5,83500,89800
1230,5015,91.5,91500,98900,117,117000,130350,82,82000,88400
1231,5015,73.5,73500,95650,115,115000,127000,77.5,77500,86700
1275,5178,65,65000,91700,113.5,113500,124050,76,76000,85000
1232,5179,152,152000,96700,112,112000,121300,74.5,74500,83300
1233,5179,123.5,123500,99000,110,110000,119300,72.5,72500,81450
1236,5179,122,122000,101300,107,107000,117100,70.5,70500,79600
1238,5179,119.5,119500,103400,105.5,105500,114900,69,69000,77750
1240,5179,117,117000,105350,104,104000,112800,65.5,65500,75600
1242,5179,114.5,114500,107250,102.5,102500,110700,65.5,65500,73650
1245,5179,110.5,110500,108900,101,101000,108750,65.5,65500,71850
1247,5179,109,109000,110650,99.5,99500,107000,65,65000,70150
1248,5179,108.5,108500,114150,97,97000,105200,109.5,109500,73350
1249,5179,107.5,107500,118400,95,95000,103350,106,106000,76350
1251,5179,106,106000,113800,168.5,168500,109000,182,182000,87100
1253,5179,104,104000,111850,166.5,166500,114650,170,170000,96850
1255,5179,102.5,102500,109900,161,161000,120050,159.5,159500,105750
1257,5179,100.5,100500,108000,159,159000,125400,158,158000,114650
1259,5179,98.5,98500,106150,149,149000,129900,155,155000,123600
1262,5179,97,97000,104400,147,147000,134350,153.5,153500,132400
1265,5179,95.5,95500,102900,139.5,139500,138200,150.5,150500,140900
1268,5179,93.5,93500,101350,136,136000,141850,147.5,147500,149150
1270,5179,91.5,91500,99650,132.5,132500,145400,146.5,146500,152850
1272,5179,90,90000,97900,126.5,126500,148550,145,145000,156750
1276,5359,128.5,128500,100150,124.5,124500,144150,144.5,144500,153000
1278,5359,125.5,125500,102300,123,123000,139800,142.5,142500,150250
1280,5359,124,124000,104450,120.5,120500,135750,141.5,141500,148450
1282,5359,121.5,121500,106550,119,119000,131750,139.5,139500,146600
1284,5359,120,120000,108700,116.5,116500,128500,138,138000,144900
1287,5359,118,118000,110800,114.5,114500,125250,137.5,137500,143300
1288,5359,117.5,117500,113000,113,113000,122600,136,136000,141850
1290,5359,116,116000,115250,109.5,109500,119950,135,135000,140600
1292,5359,114.5,114500,117550,107.5,107500,117450,133,133000,139250
1293,5359,113,113000,119850,105,105000,115300,131,131000,137850
1295,5359,109.5,109500,117950,104.5,104500,113300,130.5,130500,136450
1296,5359,108,108000,116200,101.5,101500,111150,129.5,129500,135150
1299,5359,106.5,106500,114450,99.5,99500,109050,127.5,127500,133750
1302,5359,104.5,104500,112750,99,99000,107050,125.5,125500,132350
1303,5359,104,104000,111150,96.5,96500,105050,123,123000,130850
1305,5359,103,103000,109650,95,95000,103100,119.5,119500,129050
1307,5359,100.5,100500,107950,93.5,93500,101150,118,118000,127250
1309,5359,99,99000,106250,91.5,91500,99350,116,116000,125350
1312,5359,97,97000,104500,85,85000,97100,114,114000,123450
1315,5359,95,95000,102700,78.5,78500,94450,112.5,112500,121600
1318,5359,93.5,93500,101100,68.5,68500,90850,110,110000,119550
1319,5359,84.5,84500,98750,155,155000,96200,103.5,103500,116950
1320,5366,65,65000,94600,144,144000,100650,99.5,99500,114150
1321,5383,65,65000,90650,125.5,125500,103300,97.5,97500,111350
1322,5555,144.5,144500,94700,123.5,123500,106000,91.5,91500,108200
1323,5555,141.5,141500,98550,121,121000,108600,87.5,87500,105000
1326,5555,140,140000,102500,118,118000,111050,166,166000,109800
1327,5555,137,137000,106300,116.5,116500,113550,158.5,158500,114050
1329,5555,135.5,135500,110150,113.5,113500,116400,157,157000,118350
1330,5555,133.5,133500,114000,111.5,111500,119700,154.5,154500,122550
1332,5555,132.5,132500,117900,109.5,109500,123800,149.5,149500,126500
1334,5555,130.5,130500,122500,107.5,107500,119050,144,144000,130550
1336,5555,128.5,128500,128850,105.5,105500,115200,141,141000,134700
1338,5555,125.5,125500,134900,104,104000,113050,139,139000,138850
1340,5555,124,124000,132850,102,102000,110900,137.5,137500,143450
1342,5555,122.5,122500,130950,100,100000,108800,134.5,134500,148150
1344,5555,120,120000,128950,99.5,99500,106950,133,133000,144850
1346,5555,118,118000,127050,96.5,96500,104950,130,130000,142000
1349,5555,116.5,116500,125150,95,95000,103100,128.5,128500,139150
1352,5555,114.5,114500,123250,94.5,94500,101400,126.5,126500,136350
1354,5555,113,113000,121300,93,93000,99750,125,125000,133900
1357,5555,110.5,110500,119300,91,91000,98100,123.5,123500,131850
1360,5555,108.5,108500,117300,89.5,89500,96500,121.5,121500,129900
1363,5555,107,107000,115450,84.5,84500,94550,120.5,120500,128050
1366,5555,84.5,84500,111500,73.5,73500,91700,116.5,116500,125950
1367,5556,65,65000,105750,70.5,70500,88750,114.5,114500,123950
1368,5564,65,65000,100250,129,129000,91700,112,112000,121850
1369,5575,65.5,65500,95000,127,127000,94750,110.5,110500,119900
1371,5671,112,112000,94550,125,125000,97750,107,107000,117750
1373,5671,109.5,109500,94050,124,124000,100700,94.5,94500,114550
1376,5671,108,108000,93550,122.5,122500,103650,92.5,92500,111300
1379,5835,188,188000,101300,120,120000,106550,84.5,84500,107400
1380,5835,186,186000,109050,118.5,118500,109450,75.5,75500,102800
1382,5835,183.5,183500,116700,116.5,116500,112650,153,153000,106050
1384,5835,181.5,181500,126400,114.5,114500,116750,148,148000,109200
1386,5835,179.5,179500,137850,113,113000,121000,139,139000,111650
1389,5835,178,178000,149150,111,111000,119200,135.5,135500,114000
1392,5835,174.5,174500,160050,109.5,109500,117450,134,134000,116350
1393,5835,171,171000,165950,106.5,106500,115600,130.5,130500,118700
1395,5835,169.5,169500,171950,103,103000,113500,128.5,128500,122100
1398,5835,167,167000,177850,101.5,101500,111400,126.5,126500,125500
1400,5835,165.5,165500,175600,99.5,99500,109350,126,126000,129650
1401,5835,164,164000,173400,97.5,97500,107250,124,124000,134500
1405,5835,162.5,162500,171300,95.5,95500,105150,122,122000,131400
1407,5835,153.5,153500,168500,93.5,93500,103050,120,120000,128600
1408,5835,146.5,146500,165200,89,89000,100650,118,118000,126500
1409,5835,142.5,142500,161650,81.5,81500,97700,117.5,117500,124700
1410,5835,138,138000,158000,79.5,79500,94700,115,115000,122800
1411,5835,136,136000,154500,65,65000,90550,114.5,114500,121200
1412,5835,128.5,128500,150400,65,65000,86750,112.5,112500,119600
1413,5835,113.5,113500,145050,65,65000,83100,111,111000,118050
1414,5835,111,111000,139600,70.5,70500,80200,110.5,110500,116500
1416,5835,108,108000,134000,145,145000,84950,109,109000,115000
1417,5835,106.5,106500,128400,141.5,141500,89550,108,108000,113600
1419,5835,105,105000,123550,140,140000,94200,106.5,106500,112250
1421,5835,103.5,103500,119250,137.5,137500,99050,104.5,104500,110900
1423,5835,102,102000,115200,136,136000,104500,103,103000,109450
1426,5835,100,100000,111400,134,134000,109950,98,98000,107750
1428,5835,98.5,98500,107650,132,132000,116650,95.5,95500,105850
1430,5835,97,97000,104500,129.5,129500,123100,93.5,93500,103950
1431,5835,93.5,93500,102500,128,128000,129400,90.5,90500,101900
1434,5835,92,92000,100600,126.5,126500,135000,83,83000,99150
1436,5999,171.5,171500,106950,123.5,123500,132850,81.5,81500,96400
1438,5999,169.5,169500,113250,122,122000,130900,78.5,78500,93450
1441,5999,166.5,166500,119400,120.5,120500,128950,74,74000,90200
1443,5999,165,165000,125550,119,119000,127100,68,68000,86550
1445,5999,163.5,163500,131700,115.5,115500,125050,65,65000,82750
1447,5999,161.5,161500,137850,114.5,114500,123100,65,65000,79450
1449,5999,160,160000,144000,110.5,110500,120950,65,65000,76400
1451,5999,158.5,158500,150150,109,109000,118900,65,65000,73550
1453,5999,150,150000,155800,107.5,107500,116850,68.5,68500,71350
1454,5999,139.5,139500,160550,100.5,100500,114250,147.5,147500,77800
1455,5999,132,132000,156600,65,65000,108400,145.5,145500,84200
1456,5999,108.5,108500,150500,65,65000,102700,144,144000,90750
1458,5999,107,107000,144550,65.5,65500,97200,143.5,143500,97700
1460,5999,105,105000,138550,65.5,65500,91850,142.5,142500,105150
1463,5999,103,103000,132500,111.5,111500,91450,139.5,139500,112600
1464,5999,102.5,102500,126600,110,110000,91000,138,138000,119900
1465,5999,101.5,101500,120750,108.5,108500,90800,137.5,137500,127150
1467,5999,100,100000,114900,189,189000,98800,136,136000,134250
1468,5999,98,98000,109700,187.5,187500,106800,133.5,133500,140750
1469,5999,96.5,96500,105400,186,186000,115350,132.5,132500,139250
1472,5999,95,95000,101700,184,184000,127250,130.5,130500,137750
1474,5999,93.5,93500,100200,182,182000,138950,129,129000,136250
1477,5999,92,92000,98700,180,180000,150400,127.5,127500,134650
1480,5999,90.5,90500,97250,177.5,177500,161600,124,124000,132800
1481,5999,89,89000,95850,175.5,175500,168000,122.5,122500,131100
1485,5999,87,87000,94300,174,174000,174400,120.5,120500,129350
1488,5999,85,85000,92650,172.5,172500,180800,119,119000,127500
1491,5999,83.5,83500,91000,171,171000,179000,117,117000,125600
1493,5999,81,81000,89300,169,169000,177150,116.5,116500,123900
1495,5999,80,80000,87650,166,166000,175150,115.5,115500,122200
1498,5999,77.5,77500,85900,164.5,164500,173200,113.5,113500,120500
1500,5999,76,76000,84150,163,163000,171300,110,110000,118600
1501,6163,144,144000,89350,161.5,161500,169450,102,102000,116050
1502,6163,136,136000,93900,158,158000,167500,94,94000,113050
1503,6163,126.5,126500,97650,150,150000,164950,89.5,89500,109750
1504,6163,120,120000,100950,143,143000,161850,85,85000,106200
1505,6163,107,107000,103150,134.5,134500,158050,81.5,81500,102450
1506,6163,105,105000,105300,111.5,111500,152100,78.5,78500,98600
1507,6163,103.5,103500,107550,110,110000,146200,76,76000,94550
1509,6163,102,102000,109750,108.5,108500,140450,74.5,74500,90450
1511,6163,99,99000,111900,106.5,106500,134650,72,72000,86300
1513,6163,96.5,96500,113950,105,105000,128850,65,65000,81800
1514,6163,95,95000,109050,103.5,103500,123050,65.5,65500,78150
1515,6163,94.5,94500,104900,101,101000,117350,65.5,65500,75300
1518,6163,92.5,92500,101500,99,99000,112250,65,65000,72850
1519,6163,91,91000,98600,97.5,97500,107700,65.5,65500,70900
1522,6163,89.5,89500,96850,95.5,95500,103800,65.5,65500,69300
1523,6163,88,88000,95150,94,94000,102050,65.5,65500,68000
1525,6163,86.5,86500,93450,92.5,92500,100300,65.5,65500,66950
1526,6163,84.5,84500,91700,172.5,172500,106700,65.5,65500,66050
1529,6163,82,82000,90000,172,172000,113250,65,65000,65350
1532,6163,80.5,80500,88400,170.5,170500,119800,65.5,65500,65400
1534,6163,79,79000,86800,169.5,169500,126400,65.5,65500,65400
1537,6163,77,77000,85050,168,168000,133100,65,65000,65350
1539,6163,74.5,74500,83250,166.5,166500,139850,69,69000,65750
1540,6163,71.5,71500,81300,164,164000,146500,70.5,70500,66250
1541,6339,125.5,125500,84900,163.5,163500,153300,146.5,146500,74350
1542,6339,108.5,108500,86950,161.5,161500,160050,145,145000,82300
1544,6339,105,105000,88800,159,159000,166700,142.5,142500,90000
1545,6339,103.5,103500,90700,149,149000,164350,140.5,140500,97500
1548,6339,101.5,101500,92650,147.5,147500,161900,138.5,138500,104850
1550,6339,99.5,99500,94550,135,135000,158350,137,137000,112000
1551,6339,99,99000,96550,130,130000,154400,135.5,135500,119000
1553,6339,98,98000,98650,128.5,128500,150450,133.5,133500,125850
1554,6339,96.5,96500,100850,123,123000,146100,132,132000,132150
1555,6339,93.5,93500,103050,119.5,119500,141650,129.5,129500,138050
1557,6339,92,92000,99700,110,110000,136300,129,129000,136300
1559,6339,88,88000,97650,108,108000,130950,127,127000,134500
1561,6339,84,84000,95550,105,105000,125550,123,123000,132550
1563,6339,80.5,80500,93250,103.5,103500,121000,121.5,121500,130650
1565,6339,79,79000,91000,102,102000,116450,110.5,110500,127850
1569,6339,77.5,77500,88800,99.5,99500,112900,98.5,98500,124000
1572,6339,75.5,75500,86450,98,98000,109700,96.5,96500,120100
1575,6339,74,74000,84050,96.5,96500,106500,94,94000,116150
1577,6348,65,65000,80900,93.5,93500,103550,91.5,91500,112100
1578,6369,65,65000,78050,92,92000,100800,84.5,84500,107600
1579,6535,143.5,143500,83200,90.5,90500,98850,81.5,81500,102850
1580,6535,139,139000,88300,89,89000,96950,75,75000,97650
1581,6535,122,122000,92100,87.5,87500,95200,73.5,73500,92700
1583,6535,121,121000,96150,86,86000,93450,65.5,65500,87100
1585,6535,119.5,119500,100200,85.5,85500,91800,65.5,65500,82600
1588,6535,117.5,117500,104200,84.5,84500,90300,65.5,65500,79300
1590,6535,115,115000,108150,82.5,82500,88750,65,65000,76150
1593,6535,113.5,113500,112100,81,81000,87200,65.5,65500,73300
1594,6535,112,112000,116800,79.5,79500,85800,111.5,111500,75300
1595,6535,111.5,111500,121450,79,79000,84500,109.5,109500,77800
1597,6535,110,110000,118100,78,78000,83250,107,107000,80350
1598,6535,108,108000,115000,76,76000,81950,106.5,106500,83500
1599,6535,107.5,107500,113550,156.5,156500,88850,187.5,187500,94900
1601,6535,106,106000,112050,154,154000,95650,184,184000,106750
1602,6535,104,104000,110500,146.5,146500,101750,182,182000,118400
1603,6535,102,102000,108950,143.5,143500,107650,180.5,180500,129900
1606,6535,100.5,100500,107500,133.5,133500,112750,180,180000,141400
1609,6535,97,97000,105850,131,131000,117750,178.5,178500,152700
1611,6535,95,95000,104150,121.5,121500,121950,175,175000,159050
1613,6535,94,94000,102400,105.5,105500,124600,173,173000,165400
1614,6535,91.5,91500,100550,103.5,103500,127150,169,169000,171600
1617,6535,89.5,89500,98700,102,102000,129750,164.5,164500,177400
1618,6535,88,88000,96750,100.5,100500,124150,163,163000,174950
1621,6535,76.5,76500,93800,99,99000,118650,161.5,161500,172700
1622,6560,65,65000,89900,95,95000,113500,159.5,159500,170450
1623,6819,188.5,188500,98550,93,93000,108450,158,158000,168200
1624,6819,178.5,178500,106350,90.5,90500,104150,156,156000,165800
1625,6819,175.5,175500,114200,90,90000,100050,151.5,151500,163100
1626,6819,173,173000,122000,89,89000,96800,148,148000,160400
1629,6819,170,170000,129600,86,86000,94850,146,146000,157700
1632,6819,168,168000,137250,84.5,84500,92950,144,144000,155200
1633,6819,164.5,164500,144750,82,82000,90950,142.5,142500,153000
1636,6819,161.5,161500,152100,79.5,79500,88850,140,140000,150700
1637,6819,161,161000,160550,79,79000,86850,137,137000,148250
1639,6819,160,160000,170050,77.5,77500,85100,135,135000,145800
1642,6819,158.5,158500,167050,76,76000,83400,129.5,129500,142950
1643,6819,156,156000,164800,74.5,74500,81800,127,127000,140050
1645,6819,153.5,153500,162600,73,73000,80100,125.5,125500,137450
1646,6819,152,152000,160500,71.5,71500,78350,124,124000,135050
1647,6819,150.5,150500,158550,65,65000,76250,123.5,123500,132800
1649,6819,148.5,148500,156600,143.5,143500,82150,121,121000,130500
1652,6819,146.5,146500,154800,140.5,140500,88000,119.5,119500,128200
1654,6819,144,144000,153050,128.5,128500,92900,117.5,117500,125950
1655,6819,137.5,137500,150700,126.5,126500,97650,116,116000,123850
1656,6819,124.5,124500,147150,122,122000,102100,115.5,115500,121900
1657,6983,175.5,175500,148850,119,119000,106400,114.5,114500,120400
1659,6983,173.5,173500,150600,116,116000,110550,112.5,112500,118950
1661,6983,170.5,170500,152300,108.5,108500,114100,111,111000,117500
1663,6983,168,168000,153900,107,107000,117650,110,110000,116100
1665,6983,165.5,165500,155400,105.5,105500,121700,107.5,107500,114500
1666,6983,163.5,163500,156900,104,104000,117750,106,106000,113000
1668,6983,161.5,161500,158400,100.5,100500,113750,104,104000,111450
1670,6983,159.5,159500,159950,98,98000,110700,103.5,103500,110050
1673,6983,156.5,156500,161850,96.5,96500,107700,100.5,100500,108500
1676,6983,154,154000,164800,95,95000,105000,98,98000,106750
1677,6983,152.5,152500,162500,92.5,92500,102350,96.5,96500,104950
1680,6983,151,151000,160250,91,91000,99850,167,167000,110400
1682,6983,149,149000,158100,89.5,89500,97950,164,164000,115700
1685,6983,147.5,147500,156050,87.5,87500,96000,160.5,160500,120750
1687,6983,146,146000,154100,85.5,85500,94000,155.5,155500,125550
1690,6983,143.5,143500,152100,82.5,82500,91850,149.5,149500,129900
1692,6983,140.5,140500,150000,81,81000,89900,147.5,147500,134250
1694,6983,132.5,132500,147300,79.5,79500,88050,145.5,145500,138450
1695,6983,125.5,125500,144200,79,79000,86300,141,141000,142500
1696,6983,107.5,107500,139550,78,78000,84600,136.5,136500,146350
1697,6983,106,106000,134900,76,76000,82950,133,133000,150000
1698,6983,90,90000,128800,74,74000,81250,124.5,124500,145750
1700,6983,88.5,88500,122750,72,72000,79500,123.5,123500,141700
1703,6983,87,87000,116700,65,65000,77250,121.5,121500,137800
1706,6983,85.5,85500,110650,65,65000,75200,120,120000,134250
1707,6983,85,85000,104800,65,65000,73450,118.5,118500,131150
1710,6983,83,83000,99050,144.5,144500,79800,117,117000,128100
1711,6983,82.5,82500,94050,142,142000,86050,115,115000,125050
1713,6983,81.5,81500,89650,136,136000,91750,113.5,113500,122300
1714,6983,78.5,78500,86750,130.5,130500,97000,112,112000,119850
1717,7147,159,159000,92050,126,126000,102000,110,110000,117550
1718,7147,157.5,157500,98800,121,121000,106700,109,109000,116000
1720,7147,153.5,153500,105300,119.5,119500,111450,107.5,107500,114400
1722,7147,152,152000,111800,116.5,116500,116600,105.5,105500,112800
1724,7147,150.5,150500,118300,115,115000,121600,105,105000,111300
1726,7147,149,149000,124700,113.5,113500,126450,103,103000,109750
1727,7147,147.5,147500,131150,112,112000,123200,101.5,101500,108200
1728,7147,147,147000,137600,110.5,110500,120050,100,100000,106700
1730,7147,146,146000,144050,108.5,108500,117300,98.5,98500,105200
1733,7147,144,144000,150600,106.5,106500,114900,95,95000,103500
1736,7147,142,142000,148900,105,105000,112800,93,93000,101800
1739,7147,140.5,140500,147200,102,102000,110900,90.5,90500,99950
1740,7147,138,138000,145650,100.5,100500,109000,88.5,88500,98050
1742,7147,129,129000,143350,99,99000,107250,83,83000,95800
1743,7147,117.5,117500,140050,96.5,96500,105400,75,75000,92800
1744,7147,113.5,113500,136500,95,95000,103550,142.5,142500,96750
1745,7147,105.5,105500,132300,92.5,92500,101600,133,133000,99900
1746,7147,98,98000,127400,91,91000,99650,130,130000,102900
1747,7147,87.5,87500,121550,88.5,88500,97650,128.5,128500,105900
1749,7147,85.5,85500,115700,87,87000,95700,123,123000,108700
1751,7147,83,83000,109800,73.5,73500,92550,122,122000,111600
1752,7147,81.5,81500,103900,189,189000,101250,120,120000,114550
1754,7147,79.5,79500,98050,180,180000,109200,119,119000,117600
1756,7147,78,78000,92950,178.5,178500,117150,116.5,116500,120950
1758,7147,76,76000,88800,178,178000,125300,115.5,115500,125000
1761,7147,74.5,74500,84900,177,177000,133500,113.5,113500,122100
1764,7147,72.5,72500,81600,174.5,174500,141700,110.5,110500,119850
1765,7147,70.5,70500,78850,173,173000,149900,109,109000,117750
1767,7147,69,69000,77000,171.5,171500,158200,106.5,106500,115550
1773,7148,65.5,65500,75000,169.5,169500,166450,106,106000,113850
1770,7149,67.5,67500,73450,166.5,166500,175750,104.5,104500,112100
1775,7151,65.5,65500,71850,165,165000,173350,103,103000,110400
1808,7313,65.5,65500,70450,163,163000,171650,102.5,102500,108750
1809,7316,65.5,65500,69200,161.5,161500,169950,101.5,101500,107250
1776,7319,146.5,146500,76250,160,160000,168150,99.5,99500,105650
1778,7319,144.5,144500,83250,158.5,158500,166300,98,98000,104100
1780,7319,143,143000,90300,157,157000,164550,96,96000,102650
1781,7319,141,141000,97350,155.5,155500,162800,95,95000,101250
1783,7319,139.5,139500,104400,153.5,153500,161000,93,93000,99900
1785,7319,137,137000,111550,152.5,152500,159300,91.5,91500,98450
1786,7319,117.5,117500,116550,152,152000,157850,89.5,89500,96950
1787,7319,99.5,99500,119950,150.5,150500,156400,76.5,76500,94300
1788,7319,88.5,88500,122250,148.5,148500,154950,74.5,74500,91500
1789,7319,86,86000,124300,147,147000,153500,72.5,72500,88600
1791,7319,84.5,84500,118100,145.5,145500,152050,68,68000,85450
1793,7319,83,83000,111950,143.5,143500,150550,65,65000,82150
1797,7319,81,81000,105750,132.5,132500,148100,67,67000,79250
1798,7319,78.5,78500,99500,100.5,100500,142600,65,65000,76250
1799,7319,77.5,77500,93300,175.5,175500,144800,65,65000,73450
1801,7319,75.5,75500,87150,174,174000,146950,65,65000,70800
1802,7319,74,74000,82800,172.5,172500,149000,136,136000,75450
1806,7319,72.5,72500,80100,170,170000,150950,132.5,132500,81050
1807,7319,71,71000,78350,168,168000,152900,130,130000,86600
1811,7320,65.5,65500,76300,167.5,167500,154950,128.5,128500,92200
1813,7324,65.5,65500,74400,166.5,166500,157050,126,126000,98000
1815,7327,65,65000,72600,164.5,164500,159150,123.5,123500,103850
1817,7331,65.5,65500,71050,163,163000,162200,121,121000,109250
1819,7334,65,65000,69700,160.5,160500,168200,119,119000,114650
1821,7337,65.5,65500,68500,160,160000,166650,118.5,118500,120000
1823,7340,65.5,65500,67500,158.5,158500,165100,117.5,117500,125250
1859,7510,65.5,65500,66650,156.5,156500,163500,115.5,115500,123200
1856,7513,69,69000,66300,154.5,154500,161950,113.5,113500,121300
1826,7515,132.5,132500,72450,153,153000,160450,113,113000,119600
1827,7515,128,128000,78700,151,151000,158800,112,112000,117950
1828,7515,114.5,114500,83600,149.5,149500,157100,110.5,110500,116400
1829,7515,109,109000,88000,148,148000,155450,110,110000,115050
1830,7515,100.5,100500,91500,146.5,146500,153800,109,109000,113850
1832,7515,98.5,98500,94850,145,145000,152250,107,107000,112650
1834,7515,96.5,96500,97950,143.5,143500,150600,105.5,105500,111350
1836,7515,92.5,92500,100650,142,142000,148950,103.5,103500,109950
1837,7515,89,89000,103000,140.5,140500,147350,99.5,99500,108350
1839,7515,87,87000,104800,138,138000,145700,97.5,97500,106750
1841,7515,83.5,83500,99900,135.5,135500,143950,96,96000,105050
1843,7515,81.5,81500,95250,133,133000,142150,94.5,94500,103300
1846,7515,80,80000,91800,127,127000,139900,92.5,92500,101500
1849,7515,78,78000,88700,105,105000,135600,88,88000,99300
1851,7515,76.5,76500,86300,93,93000,130250,86,86000,97000
1852,7515,75,75000,83950,90.5,90500,124800,84.5,84500,94750
1854,7515,73.5,73500,81650,89,89000,119350,82.5,82500,92450
,,Low,111882.6174,,Medium,113990.5095,,High,115496.4,
,,Medium,113990.5095,,,,,,,
,,High,115496.4,,,,,,,
,,,,,,,,,,
,,,,,,,,,,
,,,30775.8721,,,30776.22433,,,29834.90635,
,,,,,,,,,,
,,,1600.802026,,,1600.820347,,,1551.857844,
,,,,,,,,,,
,,,validation,,,,,,,
,,,130699,140559,,113737.7943,1600.802026,112136.9923,115338.5963,
,,,,,,113990.5095,1600.820347,112389.6891,115591.3298,
,,,,,,115496.4,1551.857844,113944.5422,117048.2578,
